song_id,file_name,artist,song_title
1,1.mp3,2 Chainz+Gucci Mane+Quavo,Good Drank (Explicit)
4,4.mp3,21 Savage+Metro Boomin+Future,X Bitch (feat. Future)
5,5.mp3,21 Savage+Metro Boomin,No Heart
6,6.mp3,21 Savage,Red Opps (Explicit)
7,7.mp3,5 Seconds Of Summer,Girls Talk Boys
8,8.mp3,6LACK,PRBLMS
9,9.mp3,A Boogie Wit Da Hoodie+Dj SpinKing,Timeless (Explicit)
10,10.mp3,A Boogie Wit Da Hoodie+Kodak Black,Drowning (Explicit)
11,11.mp3,A Boogie Wit Da Hoodie,My Shit
12,12.mp3,A Tribe Called Quest,We The People....
13,13.mp3,AJR,Weak
14,14.mp3,Adam Wakefield,I'm Sorry (Live)
15,15.mp3,Adam Wakefield,Lonesome Broken and Blue (Live)
16,16.mp3,Adam Wakefield,When I Call Your Name (Live)
17,17.mp3,Adele,Hello
18,18.mp3,Adele,Send My Love (To Your New Lover)
19,19.mp3,Adele,Water Under The Bridge
20,20.mp3,Al Jarreau,We're In This Love Together
21,21.mp3,Alan Walker+Iselin Solheim,Faded
23,23.mp3,Alessia Cara,How Far I'll Go(Alessia Cara Version)
25,25.mp3,Alessia Cara,Scars To Your Beautiful
26,26.mp3,Alessia Cara,Wild Things (NuKid Remix)
28,28.mp3,Alex Da Kid,Not Easy
29,29.mp3,Alisan Porter,Down That Road (Live)
30,30.mp3,Alisan Porter,Somewhere (Live)
31,31.mp3,Aminé,Caroline (Explicit)
32,32.mp3,Andra Day,Rise Up
33,33.mp3,Andy Grammer,Fresh Eyes
34,34.mp3,Andy Williams,It's the Most Wonderful Time of the Year
35,35.mp3,Anna Kendrick+Justin Timberlake,True Colors
37,37.mp3,Anne-Marie,Marie-Alarm
38,38.mp3,Anne-Marie,Marie-Ciao Adios
39,39.mp3,Ansel Elgort,Thief
40,40.mp3,Ariana Grande+John Legend,Beauty and the Beast
42,42.mp3,Ariana Grande,Dangerous Woman
43,43.mp3,Ariana Grande,One Last Time
44,44.mp3,Artists Of Then+Now & Forever,Forever Country
46,46.mp3,Ayo & Teo,Rolex
47,47.mp3,Baby Bash,Suga Suga (Album Version)
48,48.mp3,Band Aid,Do They Know It's Christmas?
49,49.mp3,Bastille,Good Grief
50,50.mp3,Beastie Boys,Fight For Your Right
51,51.mp3,Bebe Rexha,I Got You
52,52.mp3,Belly+The Weeknd,Might Not
54,54.mp3,Ben Rector,Brand New
55,55.mp3,Big Sean+Eminem,No Favors
56,56.mp3,Big Sean,Blessings (Explicit)
57,57.mp3,Big Sean,Bounce Back
58,58.mp3,Big Sean,Halfway Off the Balcony
59,59.mp3,Big Sean,Jump Out the Window
60,60.mp3,Big Sean,Light
61,61.mp3,Big Sean,Moves
63,63.mp3,Big Sean,Owe Me
64,64.mp3,Big Sean,Sacrifices
65,65.mp3,Billboard Masters-Sweatshirt ,Sweatshirt - Tribute to Jacob Sartorius
66,66.mp3,Billy Currington,It Don't Hurt Like It Used To
67,67.mp3,Bishop Briggs,River
68,68.mp3,Blackbear,Do Re mi (Explicit)
69,69.mp3,Blake Shelton,A Guy With a Girl
70,70.mp3,Blake Shelton,Came Here to Forget
71,71.mp3,Blake Shelton,Every Time I Hear That Song
72,72.mp3,Blake Shelton,Go Ahead and Break My Heart
73,73.mp3,Blake Shelton,She's Got a Way With Words
74,74.mp3,Blink-182,182-Bored To Death
75,75.mp3,Blink-182,182-Rabbit Hole
76,76.mp3,Bob Marley+The Wailers+LVNDSCAPE+Leon Bolier,Is This Love (Extended Mix)
78,78.mp3,Bobby Helms,Jingle Bell Rock
79,79.mp3,Bon Jovi,Livin' On A Prayer
80,80.mp3,Brad Paisley+Demi Lovato,Without a Fight
81,81.mp3,Brad Paisley,Today
83,83.mp3,Brantley Gilbert,The Weekend
84,84.mp3,Brenda Lee-Rockin' Around The Christmas Tree (Re,Rockin' Around The Christmas Tree (Re-Recorded Version)
85,85.mp3,Brenda Lee,Rockin' Around the Christmas Tree
86,86.mp3,Brett Eldredge,Somethin' I'm Good At
87,87.mp3,Brett Eldredge,Wanna Be That Song
88,88.mp3,Brett Young,In Case You Didn't Know
89,89.mp3,Brett Young,Sleep Without You
90,90.mp3,Britney Spears+G-Eazy,Eazy-Make Me...
91,91.mp3,Britney Spears+Tinashe,Slumber Party (Explicit)
92,92.mp3,Britney Spears,Make Me...
93,93.mp3,Broadway for Orlando,What the World Needs Now Is Love
94,94.mp3,Brooklyn and Bailey,Dance Like Me
95,95.mp3,Brothers Osborne,It Ain't My Fault
96,96.mp3,Bruno Mars,24K Magic
97,97.mp3,Bruno Mars,Perm
98,98.mp3,Bruno Mars,That's What I Like
99,99.mp3,Bruno Mars,Versace On The Floor
100,100.mp3,Bryson Tiller,Don't (Explicit)
101,101.mp3,Bryson Tiller,Exchange (Explicit)
102,102.mp3,Burl Ives,A Holly Jolly Christmas
103,103.mp3,CL,LIFTED
104,104.mp3,Calum Scott,Dancing On My Own (Ben Dooks Remix)
105,105.mp3,Calum Scott,Dancing on My Own
106,106.mp3,Calvin Harris+Frank Ocean+Migos,Slide
107,107.mp3,Calvin Harris+Future+Khalid,Rollin
108,108.mp3,Calvin Harris+Rihanna,This Is What You Came For
109,109.mp3,Calvin Harris+Young Thug+Pharrell Williams+Ariana Grande,Heatstroke
110,110.mp3,Calvin Harris,My Way
113,113.mp3,Camila Cabello,Crying In The Club
114,114.mp3,Camila Cabello,I Have Questions
115,115.mp3,Carlos Vives+Shakira,La Bicicleta
116,116.mp3,Carrie Underwood,Church Bells
117,117.mp3,Carrie Underwood,Dirty Laundry
118,118.mp3,Cash Cash,Millionaire
119,119.mp3,Céline Dion,How Does A Moment Last Forever
120,120.mp3,Chance The Rapper+Lil Wayne+2 Chainz,No Problem
123,123.mp3,Charles Kelley,The Only One Who Gets Me
124,124.mp3,Charli XCX+Lil Yachty,After The Afterparty
126,126.mp3,Charlie Puth+Selena Gomez,We Don't Talk Anymore
127,127.mp3,Charlie Puth,Attention
128,128.mp3,Charlie Puth,One Call Away (Acoustic)
132,132.mp3,Chase Rice,Everybody We Know Does
133,133.mp3,Cheat Codes+Demi Lovato,No Promises
134,134.mp3,Cheat Codes,Let Me Hold You (Turn Me On)
135,135.mp3,Childish Gambino,Me and your Mama
136,136.mp3,Childish Gambino,Redbone (Explicit)
137,137.mp3,Chris Blue,Money On You (Live)
138,138.mp3,Chris Blue,Take Me To the King (Live)
139,139.mp3,Chris Brown+Gucci Mane+Usher,Party (Explicit)
140,140.mp3,Chris Brown,Back To Sleep
141,141.mp3,Chris Brown,Grass Ain't Greener
142,142.mp3,Chris Brown,Privacy (Explicit)
143,143.mp3,Chris Janson,Holdin' Her
144,144.mp3,Chris Lane,Fix
145,145.mp3,Chris Lane,For Her
146,146.mp3,Chris Rea,Driving Home For Christmas (2003)
147,147.mp3,Chris Stapleton,Broken Halos
148,148.mp3,Chris Stapleton,Either Way
149,149.mp3,Chris Stapleton,Fire Away
150,150.mp3,Chris Stapleton,Parachute
151,151.mp3,Chris Stapleton,Tennessee Whiskey
152,152.mp3,Chris Young+Cassadee Pope,Think of You
153,153.mp3,Chris Young+Vince Gill,Sober Saturday Night
156,156.mp3,Christina Aguilera,Change
157,157.mp3,Christine and the Queens,Tilted
158,158.mp3,Chuck Berry,Johnny B. Goode
159,159.mp3,Clean Bandit+Louisa Johnson,Tears
160,160.mp3,Clean Bandit+Sean Paul+Anne-Marie,Marie-Rockabye
161,161.mp3,Clean Bandit+Zara Larsson,Symphony
162,162.mp3,Clean Bandit,Rockabye
165,165.mp3,Coldplay,Hymn For The Weekend
166,166.mp3,Coldplay,Hypnotised
167,167.mp3,Cole Swindell+Dierks Bentley,Flatliner
168,168.mp3,Cole Swindell,Middle of a Memory
169,169.mp3,Cole Swindell,You Should Be Here
170,170.mp3,Corinne Bailey Rae,The Scientist
171,171.mp3,Craig David,Ain't Giving Up
172,172.mp3,D.R.A.M.+Lil Yachty,BROCCOLI
174,174.mp3,DJ Drama+Chris Brown+Skeme+Lyquin,Wishing
175,175.mp3,DJ Esco+Future+Lil Uzi Vert,Too Much Sauce
176,176.mp3,DJ Khaled+Beyoncé+Jay-Z,Z-Shining (Explicit)
177,177.mp3,DJ Khaled+Drake,For Free (Explicit)
179,179.mp3,DJ Khaled+Jay-Z+Future,Z,Future-I Got the Keys (Explicit)
180,180.mp3,DJ Khaled+Justin Bieber+Quavo+Chance The Rapper,I'm the One (Explicit)
181,181.mp3,DJ Khaled+Nicki Minaj+Chris Brown+August Alsina,Do You Mind (Explicit)
184,184.mp3,DJ Khaled,Holy Key (Explicit)
185,185.mp3,DJ Khaled,I Got the Keys (Explicit)
186,186.mp3,DJ Khaled,Shining (Explicit)
187,187.mp3,DJ Luke Nasty+2 Chainz,OTW (Remix)
188,188.mp3,DJ Slim K,Key to the Streets (Chopped Not Slopped)
189,189.mp3,DJ Snake+Bipolar Sunshine,Middle (4B Remix)
191,191.mp3,DJ Snake+Justin Bieber,Let Me Love You
192,192.mp3,DJ Snake+Lil Jon,Turn Down for What
196,196.mp3,DJ Suede The Remix God,Cash Me Outside (#CashmeOutside)
197,197.mp3,DNCE,Cake By The Ocean
198,198.mp3,DNCE,Toothbrush
199,199.mp3,Daddy Yankee,Shaky Shaky
200,200.mp3,Dae Dae,Wat U Mean (Aye, Aye, Aye)
201,201.mp3,Dan   Shay,From the Ground Up
202,202.mp3,Dan   Shay,How Not To
203,203.mp3,Dan   Shay,When I Pray For You
204,204.mp3,Dan Stevens,Evermore
205,205.mp3,Darius Rucker,If I Told You
206,206.mp3,David Guetta+Nicki Minaj+Lil Wayne,Light My Body Up
207,207.mp3,David Guetta+Sia,Titanium
209,209.mp3,David Nail,Night's On Fire
210,210.mp3,Daya,Hide Away
211,211.mp3,Daya,Sit Still, Look Pretty
212,212.mp3,Demi Lovato,Body Say
213,213.mp3,Desiigner,Panda (#PANDATO Version)
215,215.mp3,Desiigner,Tiimmy Turner
216,216.mp3,Dierks Bentley+Elle King,Different for Girls
217,217.mp3,Dierks Bentley,Black
219,219.mp3,Dierks Bentley,Drunk On A Plane
220,220.mp3,Dierks Bentley,Somewhere on a Beach
221,221.mp3,Disciples,On My Mind
222,222.mp3,Disturbed,The Sound Of Silence
224,224.mp3,Drake+21 Savage,Sneakin' (Explicit)
225,225.mp3,Drake+Black Coffee+Jorja Smith,Get It Together
226,226.mp3,Drake+Future,Grammys (Explicit)
227,227.mp3,Drake+Future,Jumpman
228,228.mp3,Drake+Giggs,KMT
229,229.mp3,Drake+Giggs,No Long Talk
230,230.mp3,Drake+Kanye West,Glow
231,231.mp3,Drake+PARTYNEXTDOOR,With You (Explicit)
232,232.mp3,Drake+Pimp C+dvsn,Faithful (Explicit)
233,233.mp3,Drake+Popcaan,Controlla
234,234.mp3,Drake+Quavo+Travis Scott,Portland
235,235.mp3,Drake+Rihanna,Too Good (Explicit)
236,236.mp3,Drake+Sampha,4422
237,237.mp3,Drake+The Throne,Pop Style
238,238.mp3,Drake+WizKid+Kyla,One Dance
239,239.mp3,Drake+Young Thug,Ice Melts
241,241.mp3,Drake,9 (Explicit)
242,242.mp3,Drake,Blem
243,243.mp3,Drake,Can't Have Everything
244,244.mp3,Drake,Childs Play (Explicit)
247,247.mp3,Drake,Do Not Disturb
249,249.mp3,Drake,Fake Love (Clean)
251,251.mp3,Drake,Feel No Ways (Explicit)
252,252.mp3,Drake,Fire & Desire (Explicit)
253,253.mp3,Drake,Free Smoke
257,257.mp3,Drake,Gyalchester
258,258.mp3,Drake,Hype (Explicit)
260,260.mp3,Drake,Jorja Interlude
263,263.mp3,Drake,Keep The Family Close (Explicit)
264,264.mp3,Drake,Lose You
265,265.mp3,Drake,Madiba Riddim
267,267.mp3,Drake,Nothings Into Somethings
269,269.mp3,Drake,Passionfruit
273,273.mp3,Drake,Redemption (Explicit)
275,275.mp3,Drake,Since Way Back
276,276.mp3,Drake,Skepta Interlude
277,277.mp3,Drake,Sneakin’
278,278.mp3,Drake,Still Here (Explicit)
279,279.mp3,Drake,Summer Sixteen (Clean)
280,280.mp3,Drake,Teenage Fever
282,282.mp3,Drake,Two Birds, One Stone
283,283.mp3,Drake,U With Me? (Explicit)
284,284.mp3,Drake,Views (Explicit)
285,285.mp3,Drake,Weston Road Flows (Explicit)
287,287.mp3,Dreezy+Jeremih,Body (Clean)
291,291.mp3,Dua Lipa,Be The One
292,292.mp3,Dua Lipa,Blow Your Mind (Mwah) (Explicit)
293,293.mp3,Dustin Lynch,Mind Reader
294,294.mp3,Dustin Lynch,Seein' Red
295,295.mp3,Dustin Lynch,Small Town Boy
296,296.mp3,Dwayne Johnson,You're Welcome
297,297.mp3,Dylan Scott,My Girl
298,298.mp3,Ed Sheeran,Castle on the Hill
299,299.mp3,Ed Sheeran,How Would You Feel (Paean)
300,300.mp3,Ed Sheeran,Photograph
301,301.mp3,Ed Sheeran,Shape of You
302,302.mp3,Ed Sheeran,Thinking Out Loud (Campfire Version)
303,303.mp3,Electric Light Orchestra,Mr. Blue Sky (Album Version)
304,304.mp3,Elle King,America's Sweetheart
305,305.mp3,Ellie Goulding,Still Falling For You
306,306.mp3,Elton John,Step Into Christmas
307,307.mp3,Emeli Sandé,Hurts
308,308.mp3,Eminem+Rihanna,Love The Way You Lie
309,309.mp3,Eminem,Infinite
310,310.mp3,Emma Watson,Something There
311,311.mp3,Enrique Iglesias+Descemer Bueno+Zion+Lennox,Súbeme La Radio
312,312.mp3,Enrique Iglesias+Wisin,DUELE EL CORAZON
313,313.mp3,Eric Church,Kill a Word
314,314.mp3,Eric Church,Record Year
315,315.mp3,Evanescence,Bring Me To Life
316,316.mp3,Ewan McGregor+Emma Thompson+Gugu Mbatha-Raw+Ian McKellen,Raw,Ian McKellen-Be Our Guest
317,317.mp3,Ewan McGregor,Be Our Guest
318,318.mp3,FRENSHIP+Emily Warren,Capsize
319,319.mp3,Faith Hill,Keep Your Eyes On Me
320,320.mp3,Farandula Boys,Subeme la Radio
321,321.mp3,Fat Joe+Remy Ma+French Montana,All the Way Up (Explicit)
323,323.mp3,Fergie,Life Goes On
324,324.mp3,Fergie,M.I.L.F. $
325,325.mp3,Fetty Wap,Wake Up
326,326.mp3,Fifth Harmony+Fetty Wap,All In My Head (Flex)
327,327.mp3,Fifth Harmony+Ty Dolla $ign,Work From Home
329,329.mp3,Fifth Harmony,That's My Girl
331,331.mp3,Fitz & The Tantrums,HandClap
332,332.mp3,Fleetwood Mac,The Chain
333,333.mp3,Flo Rida+99 Percent,Cake
334,334.mp3,Flo Rida,My House (Live at New Year's Rockin' Eve 2017)
336,336.mp3,Florida Georgia Line+Backstreet Boys,God, Your Mama, And Me
337,337.mp3,Florida Georgia Line+Tim Mcgraw,May We All
338,338.mp3,Florida Georgia Line,Confession
339,339.mp3,Florida Georgia Line,H.O.L.Y
341,341.mp3,Florida Georgia Line,Smooth
342,342.mp3,Flume+Kai,Never Be Like You
343,343.mp3,Flume+Tove Lo,Say It
347,347.mp3,Frank Ocean,Chanel (Explicit)
348,348.mp3,Frank Ocean,Ivy (Explicit)
349,349.mp3,Frank Ocean,Nights (Explicit)
350,350.mp3,Frank Ocean,Nikes (Explicit)
351,351.mp3,Frank Ocean,Pink + White
352,352.mp3,Frank Ocean,Solo
353,353.mp3,Frankie Ballard,It All Started with a Beer
354,354.mp3,French Montana+Drake,No Shopping
355,355.mp3,French Montana+Kodak Black,Lockjaw (Explicit)
356,356.mp3,French Montana+Swae Lee,Unforgettable
358,358.mp3,Future Pigeon,Wicked Version
359,359.mp3,Future+Drake,Used to This (Explicit)
360,360.mp3,Future+Rihanna,Selfish (Explicit)
361,361.mp3,Future+The Weeknd,Comin Out Strong (Explicit)
362,362.mp3,Future+The Weeknd,Low Life (Explicit)
364,364.mp3,Future,Draco (Explicit)
366,366.mp3,Future,Mask Off (Explicit)
367,367.mp3,Future,New Level
368,368.mp3,Future,Rent Money (Explicit)
370,370.mp3,Future,Super Trapper (Explicit)
371,371.mp3,Future,Wicked (Explicit)
372,372.mp3,Future,Zoom (Explicit)
373,373.mp3,G-Eazy+Bebe Rexha,Eazy,Bebe Rexha-Me, Myself & I (Marc Stout & Scott Svejda Remix)
375,375.mp3,G-Eazy+Kehlani,Eazy,Kehlani-Good Life
376,376.mp3,G-Eazy+Marc E. Bassy,Eazy,Marc E. Bassy-Some Kind Of Drug (Clean)
379,379.mp3,Galantis+Hook N Sling,Love On Me
381,381.mp3,Galantis,No Money
382,382.mp3,Gavin DeGraw,She Sets The City On Fire
383,383.mp3,George Michael,Careless Whisper (Album Version)
384,384.mp3,George Michael,Faith (2010 Remastered Version)
385,385.mp3,George Michael,Freedom! '90 (Remaster)
386,386.mp3,Ghost Town DJ's,My Boo
388,388.mp3,Gnash+Johnny Yukon,home
389,389.mp3,Gnash+Olivia O'Brien,i hate u, i love u
391,391.mp3,Godsmack,Come Together
392,392.mp3,Good Charlotte,Life Can't Get Much Better (Explicit)
393,393.mp3,Gorillaz+Popcaan,Saturnz Barz
394,394.mp3,Grace+G-Eazy,Eazy-You Don't Own Me
395,395.mp3,Grace,You Don't Own Me
396,396.mp3,Granger Smith,If the Boot Fits
397,397.mp3,Gucci Mane+Drake,Both
398,398.mp3,Gucci Mane+Kanye West,P**** Print (Explicit)
399,399.mp3,Gucci Mane,Back On Road (Explicit)
401,401.mp3,Gucci Mane,Make Love
402,402.mp3,Gwen Stefani,Hollaback Girl
403,403.mp3,HAIM,Want You Back
404,404.mp3,Hailee Steinfeld+Grey+Zedd,Starving
405,405.mp3,Hailee Steinfeld,Most Girls
407,407.mp3,Halsey,Eyes Closed
408,408.mp3,Halsey,Not Afraid Anymore
409,409.mp3,Halsey,Not Afraid Anymore的副本
410,410.mp3,Halsey,Now Or Never
411,411.mp3,Hannah Huston,Every Breath You Take (Live)
412,412.mp3,Hannah Huston,I Call the Shots (Live)
413,413.mp3,Harry Styles,Sign of the Times
414,414.mp3,Harry Styles,Sweet Creature
415,415.mp3,Hey Violet,Guys My Age (Stripped) (Explicit)
417,417.mp3,High Valley,Make You Mine
418,418.mp3,Hillsong Worship,What a Beautiful Name (Acoustic)
419,419.mp3,Hunter Plake,Higher Love (Live)
420,420.mp3,Iggy Azalea,Mo Bounce (Explicit)
421,421.mp3,Iggy Azalea,Team (Young Bombs Remix)
423,423.mp3,Imagine Dragons,Believer
424,424.mp3,Imagine Dragons,Not Today
425,425.mp3,Imagine Dragons,Radioactive
426,426.mp3,Imagine Dragons,Thunder
427,427.mp3,Imagine Dragons,Whatever It Takes
428,428.mp3,J Hus,Did You See
429,429.mp3,J. Cole,4 Your Eyez Only
431,431.mp3,J. Cole,Deja Vu
432,432.mp3,J. Cole,False Prophets (Explicit)
433,433.mp3,J. Cole,Foldin Clothes
434,434.mp3,J. Cole,For Whom the Bell Tolls
435,435.mp3,J. Cole,Immortal
436,436.mp3,J. Cole,Neighbors
437,437.mp3,J. Cole,She's Mine, Pt. 1
438,438.mp3,J. Cole,She's Mine, Pt. 2
439,439.mp3,J. Cole,Ville Mentality
440,440.mp3,J. Cole,everybody dies
441,441.mp3,JP Cooper,September Song
442,442.mp3,Jacob Sartorius,Hit or Miss
443,443.mp3,Jake Owen,American Country Love Song
444,444.mp3,Jake Owen,If He Ain't Gonna Love You
445,445.mp3,James Arthur,Safe Inside
446,446.mp3,James Arthur,Say You Won't Let Go
447,447.mp3,James Bay,Let It Go
448,448.mp3,Jason Aldean,A Little More Summertime
449,449.mp3,Jason Aldean,Any Ol' Barstool
450,450.mp3,Jason Aldean,Lights Come On
451,451.mp3,Jason Derulo,If It Ain't Love
452,452.mp3,Jax Jones+Raye,You Don't Know Me
454,454.mp3,Jennifer Lopez+Lin-Manuel Miranda,Manuel Miranda-Love Make the World Go Round
455,455.mp3,Jennifer Lopez,Ain't Your Mama
456,456.mp3,Jennifer Nettles,Unlove You
457,457.mp3,Jeremih,Oui
458,458.mp3,Jesse Larson,Woman (Live)
459,459.mp3,John Legend,God Only Knows (Live At The 59th Grammy Awards 2017)
460,460.mp3,John Legend,Love Me Now
461,461.mp3,John Mayer,Changing
462,462.mp3,John Mayer,Love On The Weekend
463,463.mp3,John Mayer,Moving On and Getting Over
464,464.mp3,John Mayer,You're Gonna Live Forever in Me
465,465.mp3,Johnny Cash,Ain't No Grave (Album Version)
466,466.mp3,Jon Bellion,All Time Low (Explicit)
468,468.mp3,Jon Pardi,Dirt On My Boots
469,469.mp3,Jon Pardi,Head Over Boots
470,470.mp3,Jonas Blue+JP Cooper,Perfect Strangers
471,471.mp3,Jonas Blue+Raye,By Your Side
472,472.mp3,Jonas Blue+William Singe,Mama
476,476.mp3,Jose Feliciano,Feliz Navidad
477,477.mp3,Josh Ritter,Homecoming
478,478.mp3,Josh Turner,Hometown Girl
479,479.mp3,Joy Villa,Get Your Freedom
480,480.mp3,Joy Villa,I Make the Static
481,481.mp3,Joy Villa,The Darkness
482,482.mp3,Joy Villa,Vagabonds
483,483.mp3,Juicy J,Ain't Nothing (Explicit)
484,484.mp3,Julia Michaels,Issues
485,485.mp3,Justin Bieber,Company
486,486.mp3,Justin Bieber,Love Yourself
487,487.mp3,Justin Bieber,Sorry
488,488.mp3,Justin Moore,You Look Like I Need A Drink
489,489.mp3,Justin Timberlake,CAN'T STOP THE FEELING!
490,490.mp3,KLOE,Liability
491,491.mp3,Kaleo,Way Down We Go
492,492.mp3,Kane Brown+Lauren Alaina,What Ifs
493,493.mp3,Kane Brown,Ain't No Stopping Us Now
494,494.mp3,Kanye West+Gucci Mane+Big Sean+2 Chainz,Champions
495,495.mp3,Kanye West+Rihanna,Famous
496,496.mp3,Kanye West+Ty Dolla $ign+Post Malone,Fade
499,499.mp3,Katy Perry+Migos,Bon Appétit
500,500.mp3,Katy Perry+Nicki Minaj,Swish Swish (Explicit)
501,501.mp3,Katy Perry+Skip Marley,Chained To The Rhythm
503,503.mp3,Katy Perry,Rise
504,504.mp3,Kehlani,CRZY
505,505.mp3,Kehlani,Distraction
506,506.mp3,Kehlani,Gangsta (Explicit)
507,507.mp3,Keith Urban+Carrie Underwood,The Fighter
508,508.mp3,Keith Urban,Blue Ain't Your Color
510,510.mp3,Keith Urban,Wasted Time
511,511.mp3,Kelly Clarkson+Chloe & Halle+Missy Elliott+Jadagrace,This Is For My Girls
512,512.mp3,Kelly Clarkson,Piece By Piece (Idol Version)
514,514.mp3,Kelsea Ballerini,Peter Pan
515,515.mp3,Kelsea Ballerini,Yeah Boy
516,516.mp3,Kendrick Lamar+Rihanna,LOYALTY. (Explicit)
517,517.mp3,Kendrick Lamar+U2,XXX. (Explicit)
518,518.mp3,Kendrick Lamar+Zacari,LOVE. (Explicit)
519,519.mp3,Kendrick Lamar,BLOOD. (Explicit)
520,520.mp3,Kendrick Lamar,DNA. (Explicit)
521,521.mp3,Kendrick Lamar,DUCKWORTH. (Explicit)
522,522.mp3,Kendrick Lamar,ELEMENT. (Explicit)
523,523.mp3,Kendrick Lamar,FEAR. (Explicit)
524,524.mp3,Kendrick Lamar,FEEL. (Explicit)
525,525.mp3,Kendrick Lamar,GOD. (Explicit)
526,526.mp3,Kendrick Lamar,HUMBLE. (Explicit)
530,530.mp3,Kendrick Lamar,LUST. (Explicit)
531,531.mp3,Kendrick Lamar,PRIDE. (Explicit)
532,532.mp3,Kendrick Lamar,The Heart Part 4
534,534.mp3,Kendrick Lamar,YAH. (Explicit)
535,535.mp3,Kenny Chesney+P!NK,Setting the World On Fire
536,536.mp3,Kenny Chesney,Bar at the End of the World
537,537.mp3,Kenny Chesney,Noise
539,539.mp3,Kent Jones,Don't Mind
540,540.mp3,Keyshia Cole+French Montana+Remy Ma,You
541,541.mp3,Khalid,Location
542,542.mp3,KiD Ink+Fetty Wap,Promise (Explicit)
544,544.mp3,Kid Rock+Sheryl Crow,Picture
546,546.mp3,Kideko+George Kwali+Nadia Rose+Sweetie Irie,Crank It (Woah!) (Radio Edit)
548,548.mp3,Kiiara,Gold
549,549.mp3,Kodak Black+Future,Conscience (Explicit)
550,550.mp3,Kodak Black,Everything 1K
551,551.mp3,Kodak Black,Tunnel Vision
552,552.mp3,Kungs+Cookin' On 3 Burners,This Girl
554,554.mp3,Kygo+Ellie Goulding,First Time
555,555.mp3,Kygo+Selena Gomez,It Ain't Me
558,558.mp3,Kyle+Lil Yachty,iSpy
560,560.mp3,LCD Soundsystem,call the police
561,561.mp3,La La Land Cast,Another Day of Sun
562,562.mp3,Lady Antebellum,You Look Good
563,563.mp3,Lady Gaga+Beyoncé,Telephone
564,564.mp3,Lady Gaga+Colby O'Donis,Just Dance (RichardHumptyVission Remix)
565,565.mp3,Lady Gaga-A,A-Yo
566,566.mp3,Lady Gaga,Alejandro
567,567.mp3,Lady Gaga,Applause
568,568.mp3,Lady Gaga,Bad Romance
569,569.mp3,Lady Gaga,Born This Way
570,570.mp3,Lady Gaga,Million Reasons
571,571.mp3,Lady Gaga,Paparazzi
572,572.mp3,Lady Gaga,Perfect Illusion
573,573.mp3,Lady Gaga,Poker Face
574,574.mp3,Lady Gaga,The Cure
575,575.mp3,Lady Gaga,The Edge Of Glory (Instrumental)
576,576.mp3,Lady Gaga,Yoü And I
577,577.mp3,Laith Al-Saadi,Saadi-Morning Light
578,578.mp3,Lana Del Rey+The Weeknd,Lust for Life
579,579.mp3,Lana Del Rey,Love
580,580.mp3,Lauren Alaina,Road Less Traveled
582,582.mp3,Lauren Duski,Ghost In This House (Live)
583,583.mp3,Lauren Duski,The Dance (Live)
584,584.mp3,Lee Brice,Boy
585,585.mp3,Lee Brice,That Don't Sound Like You
587,587.mp3,Leonard Cohen,Hallelujah (Album Version)
588,588.mp3,Liam Payne+Quavo,Strip That Down
589,589.mp3,Lil Uzi Vert,Money Longer (Explicit)
590,590.mp3,Lil Uzi Vert,XO TOUR Llif3
591,591.mp3,Lil Uzi Vert,You Was Right (Explicit)
592,592.mp3,Lil Wayne+Wiz Khalifa+Imagine Dragons+Logic,Sucker For Pain
594,594.mp3,Lil Yachty+Migos,Peek A Boo (Explicit)
595,595.mp3,Lil Yachty,One Night (Extended)
596,596.mp3,Lin-Manuel Miranda,Manuel Miranda-We Know the Way
597,597.mp3,Linkin Park+Kiiara,Heavy (Explicit)
598,598.mp3,Linkin Park,Battle Symphony
599,599.mp3,Little Big Town,Better Man
600,600.mp3,Little Big Town,Girl Crush
601,601.mp3,Little Big Town,One of Those Days
602,602.mp3,Little Big Town,When Someone Stops Loving You
603,603.mp3,Little Mix+Machine Gun Kelly,No More Sad Songs
605,605.mp3,Little Mix,Shout Out to My Ex
606,606.mp3,Little Mix,Touch
607,607.mp3,Locash,I Know Somebody
608,608.mp3,Logan Paul+Why Don't We,Help Me Help You
609,609.mp3,Logic+Alessia Cara+Khalid-1-800-273,1-800-273-8255
610,610.mp3,Logic+Damian Lemar Hudson,Black SpiderMan
611,611.mp3,Logic,Everybody
612,612.mp3,Logic,Flexicution
613,613.mp3,Looking Glass,BRANDY
614,614.mp3,Lord Huron,The Night We Met
615,615.mp3,Lorde,Green Light
616,616.mp3,Louisa Johnson,So Good
617,617.mp3,Luis Fonsi+Daddy Yankee+Justin Bieber,Despacito (Remix)
621,621.mp3,Lukas Graham,7 Years
622,622.mp3,Lukas Graham,Mama Said
623,623.mp3,Luke Bryan,Country Girl (Shake It For Me)
624,624.mp3,Luke Bryan,Fast
625,625.mp3,Luke Bryan,Huntin', Fishin' and Lovin' Every Day
626,626.mp3,Luke Bryan,Move
627,627.mp3,Luke Combs,Hurricane
628,628.mp3,Luke Combs,One Number Away
629,629.mp3,Lupe Fiasco,Jump
630,630.mp3,Lynyrd Skynyrd,Sweet Home Alabama
631,631.mp3,Machine Gun Kelly+Camila Cabello,Bad Things
632,632.mp3,Machine Gun Kelly+Hailee Steinfeld,At My Best
634,634.mp3,MadeinTYO,Uber Everywhere (Clean)
635,635.mp3,Maggie Lindemann,Pretty Girl
636,636.mp3,Magic!,Red Dress
637,637.mp3,Major Lazer+Justin Bieber+MØ,Cold Water
638,638.mp3,Major Lazer+Nyla+Fuse ODG,Light It Up (Remix)
639,639.mp3,Major Lazer+PARTYNEXTDOOR+Nicki Minaj,Run Up
643,643.mp3,Maluma,Felices los 4
644,644.mp3,Marc E. Bassy+G-Eazy,Eazy-You & Me
645,645.mp3,Marc E. Bassy,You & Me
646,646.mp3,Maren Morris,80's Mercedes
647,647.mp3,Maren Morris,I Could Use a Love Song
648,648.mp3,Maren Morris,My Church
649,649.mp3,Maren Morris,Once
650,650.mp3,Mariah Carey+YG,I Don't
651,651.mp3,Mariah Carey,All I Want For Christmas Is You (Original Version)
652,652.mp3,Marian Hill,Down
653,653.mp3,Mark Morrison,Return Of The Mack
654,654.mp3,Mark Ronson+Bruno Mars,Uptown Funk
656,656.mp3,Maroon 5+Future,Cold
657,657.mp3,Maroon 5+Kendrick Lamar,Don't Wanna Know
659,659.mp3,Maroon 5,She Will Be Loved
660,660.mp3,Marshmello,Alone
661,661.mp3,Martin Garrix+Bebe Rexha,In The Name Of Love
662,662.mp3,Martin Garrix+Dua Lipa,Scared To Be Lonely
665,665.mp3,Martin Jensen,Solo Dance
666,666.mp3,Martin Solveig+Ina Wroldsen,Places
668,668.mp3,Matoma+Becky Hill,False Alarm
670,670.mp3,Matt Terry,When Christmas Comes Around
671,671.mp3,Meek Mill+Tory Lanez,Litty
672,672.mp3,Meek Mill,Blessed Up
673,673.mp3,Meek Mill,Blue Notes
674,674.mp3,Meek Mill,Froze
675,675.mp3,Meek Mill,Offended
676,676.mp3,Meek Mill,On The Regular
677,677.mp3,Meek Mill,The Difference
678,678.mp3,Meghan Trainor+Kelli Trainor,Mom
679,679.mp3,Meghan Trainor,Me Too (Live At Macy's 4th of July)
681,681.mp3,Meghan Trainor,NO
682,682.mp3,MercyME,Even If
683,683.mp3,Michael Bublé,It's Beginning To Look A Lot Like Christmas
684,684.mp3,Michael Kiwanuka,Cold Little Heart
685,685.mp3,Michael Ray,Think A Little Less
686,686.mp3,Midland,Drinkin' Problem
687,687.mp3,Migos+Gucci Mane,Slippery
688,688.mp3,Migos+Metro Boomin+Lil Uzi Vert,Bad and Boujee (Explicit)
689,689.mp3,Migos+Travis Scott,Kelly Price
692,692.mp3,Migos,Call Casting
693,693.mp3,Migos,Culture
694,694.mp3,Migos,Get Right Witcha
697,697.mp3,Migos-T,T-Shirt
698,698.mp3,Migos,What the Price
699,699.mp3,Mike Perry,The Ocean (Radio Edit)
700,700.mp3,Mike Posner,I Took a Pill in Ibiza (Explicit)
703,703.mp3,Mike Will Made-It,It-Nothing Is Promised
704,704.mp3,Miley Cyrus,Malibu
705,705.mp3,Miranda Lambert,Tin Man
706,706.mp3,Miranda Lambert,Vice
707,707.mp3,Missy Elliott+Lamb,I'm Better
708,708.mp3,Missy Elliott,Get Ur Freak On (Amended LP Version)
710,710.mp3,MØ,Final Song
711,711.mp3,NEIKED,Sexual
713,713.mp3,Nevada+Mark Morrison+Fetty Wap,The Mack
715,715.mp3,New Edition,Can You Stand the Rain
716,716.mp3,New Tribute Kings,Starboy(Originally Performed ByThe Weeknd Feat. Daft Punk)
717,717.mp3,Niall Horan,Slow Hands
718,718.mp3,Niall Horan,This Town
719,719.mp3,Nick Jonas+Nicki Minaj,Bom Bidi Bom
720,720.mp3,Nick Jonas+Tove Lo,Close (Dan E Radio Edit)
722,722.mp3,Nick Jonas,Bacon (Explicit)
726,726.mp3,Nick Jonas,Jealous
727,727.mp3,Nicki Minaj+Drake+Lil Wayne,No Frauds (Explicit)
728,728.mp3,Nicki Minaj+Lil Wayne,Changed It (Explicit)
729,729.mp3,Nicki Minaj+Mike Will Made-It,It-Black Barbies
730,730.mp3,Nicki Minaj,Regret In Your Tears (Explicit)
731,731.mp3,Nicky Jam,El Amante
732,732.mp3,Nicky Jam,Hasta el Amanecer
733,733.mp3,Noah Cyrus+Labrinth,Make Me (Cry)
734,734.mp3,Noah Cyrus,I'm Stuck
736,736.mp3,O.T. Genasis+Young Dolph,Cut It (Explicit)
738,738.mp3,Old Dominion,No Such Thing as a Broken Heart
739,739.mp3,Old Dominion,Snapback
740,740.mp3,Old Dominion,Song for Another Time
741,741.mp3,Olivia O'Brien,Hate U Love U
742,742.mp3,Olly Murs,Grow Up
743,743.mp3,Olly Murs,You Don't Know Love
744,744.mp3,OneRepublic,Kids
745,745.mp3,OneRepublic,Wherever I Go
746,746.mp3,Opetaia Foa'i+Lin-Manuel Miranda,Manuel Miranda-We Know The Way
747,747.mp3,P!NK,Just Like Fire
748,748.mp3,PARTYNEXTDOOR+Drake,Come and See Me (Explicit)
749,749.mp3,PARTYNEXTDOOR,Not Nice
750,750.mp3,PLAYBOI CARTI,Magnolia (Explicit)
751,751.mp3,PLAYBOI CARTI,Woke Up Like This
752,752.mp3,Panic! At The Disco,Bohemian Rhapsody
753,753.mp3,Panic! At The Disco,Death Of A Bachelor
754,754.mp3,Paramore,Hard Times
755,755.mp3,Paul McCartney,Wonderful Christmastime (Edited Version)
757,757.mp3,Pentatonix,Mary, Did You Know?
758,758.mp3,Piko-Taro (ピコ太郎),Taro (ピコ太郎)-Pen Pineapple Apple Pen
759,759.mp3,Piko-Taro,Taro-Pen Pineapple Apple Pen
760,760.mp3,Pitbull+Enrique Iglesias,Messin' Around
761,761.mp3,Pitbull+Flo Rida+LunchMoney Lewis,Greenlight
763,763.mp3,Plain White T's,Hey There Delilah
765,765.mp3,Portugal. The Man,Feel It Still
767,767.mp3,Post Malone+Quavo,Congratulations
769,769.mp3,Post Malone,Go Flex
770,770.mp3,Prince,1999 (LP版)
771,771.mp3,Prince,I Would Die 4 U
772,772.mp3,Prince,Kiss
773,773.mp3,Prince,Let's Go Crazy
774,774.mp3,Prince,Little Red Corvette
775,775.mp3,Prince,Purple Rain
776,776.mp3,Prince,Raspberry Beret
777,777.mp3,Prince,When Doves Cry
778,778.mp3,Rachel Platten,Fight Song
779,779.mp3,Radiohead,Creep
780,780.mp3,Rae Sremmurd+Gucci Mane,Black Beatles (Explicit)
783,783.mp3,Rae Sremmurd,Look Alive (Clean)
784,784.mp3,Rae Sremmurd,Swang (Explicit)
786,786.mp3,Rag'N'Bone Man,Human (MJ Cole Remix)
788,788.mp3,Rag'N'Bone Man,Skin
789,789.mp3,Ramin Djawadi,Light of the Seven
790,790.mp3,Rascal Flatts,I Like The Sound Of That
791,791.mp3,Rascal Flatts,Yours If You Want It
792,792.mp3,Reba McEntire,Back to God
793,793.mp3,Red Hot Chili Peppers,Dark Necessities
794,794.mp3,Red Hot Chili Peppers,We Turn Red
795,795.mp3,Remy Ma,Shether (Explicit)
796,796.mp3,Rick Ross+Young Thug+Wale,Trap Trap Trap (Explicit)
797,797.mp3,Rihanna+Drake,Work (Lost Kings Remix)
798,798.mp3,Rihanna,Needed Me (Cosmic Dawn Club Mix)
799,799.mp3,Rihanna,Sledgehammer
801,801.mp3,Rob $tone+Spooks+J. Davis,Chill Bill
803,803.mp3,Robbie Williams,Love My Life
804,804.mp3,Robin Schulz+David Guetta+Cheat Codes,Shed A Light
806,806.mp3,Romeo Santos,Héroe Favorito
807,807.mp3,Russ,Losin Control
808,808.mp3,Russ,What They Want
809,809.mp3,Ruth B.,Lost Boy
810,810.mp3,Ryan Gosling+Emma Stone,City of Stars
812,812.mp3,Sabrina Carpenter,Thumbs
813,813.mp3,Sage the Gemini,Now and Later
814,814.mp3,Sam Hunt,Body Like A Back Road
815,815.mp3,Sam Hunt,Drinkin' Too Much (8pm)
816,816.mp3,Sam Hunt,Make You Miss Me (Acoustic Mixtape)
818,818.mp3,Schoolboy Q+Kanye West,THat Part (Explicit)
820,820.mp3,Scotty McCreery,Five More Minutes
821,821.mp3,Sean Paul+Dua Lipa,No Lie
823,823.mp3,Selena Gomez,Bad Liar
824,824.mp3,Selena Gomez,Kill Em With Kindness
825,825.mp3,"Shaggy+Ricardo ""RikRok"" Ducent",It Wasn't Me
827,827.mp3,Shakin' Stevens,Merry Christmas Everyone
828,828.mp3,Shakira+Maluma,Chantaje
829,829.mp3,Shakira,Hips Don't Lie (2006 FIFA World Cup Mix)
830,830.mp3,Shakira,Me Enamoré
831,831.mp3,Shakira,Try Everything
832,832.mp3,Shawn Mendes,Mercy
833,833.mp3,Shawn Mendes,Stitches
834,834.mp3,Shawn Mendes,There's Nothing Holdin' Me Back
835,835.mp3,Shawn Mendes,Treat You Better
836,836.mp3,Sia+Kendrick Lamar,The Greatest
837,837.mp3,Sia+Nicky Jam,Cheap Thrills (Remix)
839,839.mp3,Sia,California Dreamin'
842,842.mp3,Sia,Helium
844,844.mp3,Sigma+Birdy,Find Me (Radio Edit)
846,846.mp3,Skrillex+Rick Ross,Purple Lamborghini (Explicit)
847,847.mp3,Slade,Merry Xmas Everybody
848,848.mp3,Snakehips+MØ,Don't Leave (Explicit)
850,850.mp3,Snoop Dogg,Kush Ups
851,851.mp3,Solange+Sampha,Don't Touch My Hair
852,852.mp3,Solange,Cranes in the Sky
853,853.mp3,Starley,Call On Me
854,854.mp3,Starley,Call on Me (Ryan Riback Remix)
855,855.mp3,Steve Aoki+Louis Tomlinson,Just Hold On
857,857.mp3,Stormzy,Big For Your Boots
858,858.mp3,Sturgill Simpson,All Around You
859,859.mp3,Sundance Head,At Last (Live)
860,860.mp3,Sundance Head,Darlin' Don't Go (Live)
861,861.mp3,Take That,Giants
862,862.mp3,Taron Egerton,I'm Still Standing
863,863.mp3,Taylor Ray Holbrook+Ryan Upchurch,Southern Land
864,864.mp3,Tee Grizzley,First Day Out (Explicit)
865,865.mp3,The Chainsmokers+Coldplay,Something Just Like This
866,866.mp3,The Chainsmokers+Daya,Don't Let Me Down (Remix)
868,868.mp3,The Chainsmokers+Halsey,Closer
869,869.mp3,The Chainsmokers+Phoebe Ryan,All We Know
870,870.mp3,The Chainsmokers+ROZES,Roses
871,871.mp3,The Chainsmokers+XYLØ,Setting Fires
876,876.mp3,The Chainsmokers,Paris
879,879.mp3,The Chainsmokers,The One (Explicit)
880,880.mp3,The Dave Clark Five,Glad All Over
881,881.mp3,The Game+Jeremih,All Eyez (Explicit)
882,882.mp3,The Killers,Mr. Brightside
883,883.mp3,The Knocks+Wyclef Jean,Kiss The Sky
884,884.mp3,The Lumineers,Ophelia
885,885.mp3,The Notorious B.I.G.,Hypnotize
886,886.mp3,The Pogues+Kirsty MacColl,Fairytale Of New York
888,888.mp3,The Revivalists,Wish I Knew You
889,889.mp3,The Strumbellas,Spirits
890,890.mp3,The Vamps+Matoma,All Night
892,892.mp3,The Weeknd+Daft Punk,I Feel It Coming
894,894.mp3,The Weeknd+Future,All I Know
895,895.mp3,The Weeknd+Kendrick Lamar,Sidewalks
896,896.mp3,The Weeknd,A Lonely Night
897,897.mp3,The Weeknd,Acquainted (Explicit)
900,900.mp3,The Weeknd,Die For You
903,903.mp3,The Weeknd,Love To Lay
904,904.mp3,The Weeknd,Nothing Without You
905,905.mp3,The Weeknd,Ordinary Life
906,906.mp3,The Weeknd,Party Monster
907,907.mp3,The Weeknd,Reminder
908,908.mp3,The Weeknd,Rockin'
909,909.mp3,The Weeknd,Secrets
911,911.mp3,The Weeknd,Six Feet Under
913,913.mp3,The Weeknd,Stargirl Interlude
915,915.mp3,The White Stripes,Seven Nation Army
916,916.mp3,The xx,On Hold
917,917.mp3,Thomas Rhett+Maren Morris,Craving You
918,918.mp3,Thomas Rhett,Die A Happy Man
919,919.mp3,Thomas Rhett,Star Of The Show
921,921.mp3,Thomas Rhett,Vacation
922,922.mp3,Tieks+Dan Harkna,Sunshine (Radio Edit)
924,924.mp3,Tim Mcgraw+Faith Hill,Speak to a Girl
925,925.mp3,Tim Mcgraw,How I'll Always Be
926,926.mp3,Tim Mcgraw,Humble and Kind
927,927.mp3,Tinashe,Superlove (Explicit)
928,928.mp3,Tinie Tempah+Tinashe,Text from Your Ex
929,929.mp3,Tom Zanetti+Sadie Ama,You Want Me
931,931.mp3,Tory Lanez,LUV
932,932.mp3,Tove Lo,Cool Girl (Explicit)
933,933.mp3,Train,Play That Song
934,934.mp3,Travis Scott,Beibs in the Trap (Explicit)
935,935.mp3,Travis Scott,Goosebumps (Explicit)
936,936.mp3,Trey Songz,Nobody Else But You
937,937.mp3,Troye Sivan,WILD
938,938.mp3,Troye Sivan,YOUTH
939,939.mp3,Tucker Beathard,Rock On
940,940.mp3,Twenty One Pilots+Mutemath,Heathens
941,941.mp3,Twenty One Pilots,Cancer
943,943.mp3,Twenty One Pilots,Ride (Live)
945,945.mp3,Twenty One Pilots,Stressed Out
946,946.mp3,Tyga+Kanye West,Feel Me
948,948.mp3,Usher+Young Thug,No Limit (Explicit)
950,950.mp3,Usher,Yeah
951,951.mp3,Various Artists,Hands
952,952.mp3,Wale+Lil Wayne,Running Back
953,953.mp3,Wale+Sam Sneak,My PYT (Explicit)
956,956.mp3,Wham!,Last Christmas
957,957.mp3,Wiz Khalifa+Lil Uzi Vert,Pull Up
958,958.mp3,Wizzard,I Wish It Could Be Christmas Everyday
959,959.mp3,X Ambassadors,Unsteady (Erich Lee Gravity Remix)
962,962.mp3,Xxxtentacion,Look at Me! (Explicit)
964,964.mp3,YFN Lucci+PnB Rock,Everyday We Lit (Explicit)
965,965.mp3,YG+Drake+Kamaiyah,Why You Always Hatin?
966,966.mp3,Yo Gotti+E-40,40-Law
967,967.mp3,Yo Gotti,Law
968,968.mp3,Young Greatness,Moolah
969,969.mp3,Young M.A,Ooouuu (Explicit)
970,970.mp3,Young Thug+Travis Scott+Quavo,Pick Up the Phone
971,971.mp3,Young Thug,Gang Up (Explicit)
973,973.mp3,ZAYN+Lil Wayne,PILLOWTALK (Remix)
974,974.mp3,ZAYN+PARTYNEXTDOOR,Still Got Time
978,978.mp3,Zac Brown Band,Castaway
979,979.mp3,Zac Brown Band,My Old Man
980,980.mp3,Zac Brown Band,Roots
981,981.mp3,Zara Larsson+MNEK,Never Forget You (Belt & Wezol Remix)
983,983.mp3,Zara Larsson,Ain't My Fault
984,984.mp3,Zara Larsson,I Would Like
985,985.mp3,Zara Larsson,Lush Life
989,989.mp3,Zay Hilfigerrr+Zayion McCall,Juju On That Beat (TZ Anthem)
992,992.mp3,Zayion McCall+Zay Hilfigerrr,JuJu On Dat Beat
993,993.mp3,Zedd+Alessia Cara,Stay
996,996.mp3,offaiah,Trouble
997,997.mp3,防弹少年团,A Supplementary Story : You Never Walk Alone
999,999.mp3,防弹少年团,Outro : Wings
1000,1000.mp3,防弹少年团,Spring Day
